county_fips,year,total_cases,total_dafw,total_djtr
01013,2023,1.0,0.0,0.0
01041,2023,1.0,0.0,0.0
01057,2020,2.0,0.0,0.0
01057,2021,2.0,0.0,0.0
01057,2022,2.0,0.0,0.0
01073,2016,2.0,0.0,0.0
01073,2017,2.0,0.0,0.0
01073,2018,4.0,0.0,0.0
01073,2023,1.0,0.0,0.0
01097,2016,2.0,0.0,0.0
01097,2017,2.0,0.0,0.0
01097,2018,2.0,0.0,0.0
01117,2018,2.0,0.0,0.0
01125,2016,2.0,0.0,0.0
01125,2020,2.0,0.0,0.0
01125,2021,2.0,0.0,0.0
01125,2022,2.0,0.0,0.0
01127,2020,2.0,0.0,0.0
01127,2021,2.0,0.0,0.0
01127,2022,2.0,0.0,0.0
02020,2016,27.0,0.0,0.0
02020,2017,22.0,0.0,0.0
02020,2018,20.0,0.0,0.0
02020,2019,9.0,0.0,0.0
02020,2020,16.0,0.0,0.0
02020,2021,13.0,0.0,0.0
02020,2022,24.0,0.0,0.0
02020,2023,20.0,0.0,0.0
02122,2016,2.0,0.0,0.0
02122,2017,2.0,0.0,0.0
02122,2018,2.0,0.0,0.0
02122,2020,2.0,0.0,0.0
02122,2023,1.0,0.0,0.0
02170,2016,1.0,0.0,0.0
02185,2016,10.0,0.0,0.0
02185,2017,7.0,0.0,0.0
02185,2018,1.0,0.0,0.0
02185,2021,2.0,0.0,0.0
04013,2020,1.0,0.0,0.0
04013,2021,2.0,0.0,0.0
04019,2023,1.0,0.0,0.0
04021,2023,1.0,0.0,0.0
05023,2016,1.0,0.0,0.0
05027,2021,2.0,0.0,0.0
05045,2016,6.0,0.0,0.0
05045,2017,4.0,0.0,0.0
05119,2023,1.0,0.0,0.0
05139,2016,2.0,0.0,0.0
05139,2021,2.0,0.0,0.0
05141,2016,1.0,0.0,0.0
06001,2016,2.0,0.0,0.0
06001,2017,1.0,0.0,0.0
06001,2023,1.0,0.0,0.0
06007,2018,2.0,0.0,0.0
06013,2016,6.0,0.0,0.0
06013,2017,2.0,0.0,0.0
06019,2016,2.0,0.0,0.0
06019,2022,2.0,0.0,0.0
06019,2023,1.0,0.0,0.0
06029,2016,15.0,0.0,0.0
06029,2017,19.0,0.0,0.0
06029,2018,19.0,0.0,0.0
06029,2019,9.0,0.0,0.0
06029,2020,25.0,0.0,0.0
06029,2021,27.0,0.0,0.0
06029,2022,25.0,0.0,0.0
06029,2023,22.0,0.0,0.0
06037,2016,4.0,0.0,0.0
06037,2017,2.0,0.0,0.0
06037,2018,3.0,0.0,0.0
06037,2021,2.0,0.0,0.0
06037,2023,1.0,0.0,0.0
06053,2016,2.0,0.0,0.0
06053,2022,4.0,0.0,0.0
06053,2023,2.0,0.0,0.0
06059,2017,2.0,0.0,0.0
06059,2018,2.0,0.0,0.0
06059,2021,1.0,0.0,0.0
06059,2023,1.0,0.0,0.0
06065,2017,1.0,0.0,0.0
06065,2018,1.0,0.0,0.0
06065,2020,1.0,0.0,0.0
06071,2017,2.0,0.0,0.0
06079,2021,3.0,0.0,0.0
06079,2022,1.0,0.0,0.0
06079,2023,4.0,0.0,0.0
06083,2016,8.0,0.0,0.0
06083,2017,7.0,0.0,0.0
06083,2018,2.0,0.0,0.0
06083,2019,4.0,0.0,0.0
06083,2020,4.0,0.0,0.0
06083,2021,8.0,0.0,0.0
06083,2022,6.0,0.0,0.0
06083,2023,7.0,0.0,0.0
06101,2018,2.0,0.0,0.0
06111,2016,3.0,0.0,0.0
06111,2017,1.0,0.0,0.0
06111,2018,1.0,0.0,0.0
06111,2020,2.0,0.0,0.0
06111,2021,5.0,0.0,0.0
06111,2022,9.0,0.0,0.0
06111,2023,7.0,0.0,0.0
06113,2017,1.0,0.0,0.0
06113,2018,1.0,0.0,0.0
06113,2022,1.0,0.0,0.0
06113,2023,1.0,0.0,0.0
08001,2016,1.0,0.0,0.0
08001,2017,3.0,0.0,0.0
08001,2018,1.0,0.0,0.0
08001,2019,2.0,0.0,0.0
08001,2021,2.0,0.0,0.0
08001,2022,1.0,0.0,0.0
08001,2023,1.0,0.0,0.0
08005,2016,5.0,0.0,0.0
08005,2017,4.0,0.0,0.0
08005,2018,4.0,0.0,0.0
08005,2019,5.0,0.0,0.0
08005,2023,3.0,28.0,0.0
08007,2016,2.0,0.0,0.0
08013,2017,2.0,0.0,0.0
08013,2020,2.0,0.0,0.0
08013,2021,2.0,0.0,0.0
08013,2022,2.0,0.0,0.0
08013,2023,2.0,0.0,0.0
08014,2017,2.0,0.0,0.0
08017,2016,2.0,0.0,0.0
08017,2017,1.0,0.0,0.0
08017,2018,1.0,0.0,0.0
08017,2021,3.0,0.0,0.0
08031,2016,18.0,0.0,0.0
08031,2017,18.0,0.0,0.0
08031,2018,23.0,0.0,0.0
08031,2019,11.0,0.0,0.0
08031,2020,19.0,0.0,0.0
08031,2021,13.0,0.0,0.0
08031,2022,23.0,0.0,0.0
08031,2023,14.0,28.0,0.0
08035,2016,6.0,0.0,0.0
08035,2017,2.0,0.0,0.0
08035,2018,2.0,0.0,0.0
08035,2019,2.0,0.0,0.0
08035,2020,2.0,0.0,0.0
08039,2016,2.0,0.0,0.0
08045,2016,1.0,0.0,0.0
08045,2018,2.0,0.0,0.0
08045,2020,4.0,0.0,0.0
08045,2021,1.0,0.0,0.0
08045,2022,1.0,0.0,0.0
08045,2023,2.0,0.0,0.0
08057,2016,1.0,0.0,0.0
08057,2017,4.0,0.0,0.0
08057,2018,1.0,0.0,0.0
08057,2020,2.0,0.0,0.0
08059,2016,1.0,0.0,0.0
08059,2017,1.0,0.0,0.0
08059,2023,1.0,0.0,0.0
08067,2016,2.0,0.0,0.0
08069,2016,1.0,0.0,0.0
08069,2017,4.0,0.0,0.0
08069,2018,5.0,0.0,0.0
08069,2020,4.0,0.0,0.0
08069,2021,4.0,0.0,0.0
08069,2022,4.0,0.0,0.0
08069,2023,4.0,0.0,0.0
08071,2016,2.0,0.0,0.0
08071,2017,4.0,0.0,0.0
08071,2018,3.0,0.0,0.0
08071,2019,1.0,0.0,0.0
08071,2020,1.0,0.0,0.0
08075,2016,2.0,0.0,0.0
08075,2021,2.0,0.0,0.0
08077,2016,4.0,0.0,0.0
08077,2017,1.0,0.0,0.0
08077,2018,2.0,0.0,0.0
08077,2020,3.0,0.0,0.0
08077,2021,3.0,0.0,0.0
08077,2022,1.0,0.0,0.0
08077,2023,2.0,0.0,0.0
08081,2023,1.0,0.0,0.0
08087,2017,1.0,0.0,0.0
08087,2018,1.0,0.0,0.0
08087,2022,1.0,0.0,0.0
08103,2018,2.0,0.0,0.0
08103,2019,2.0,0.0,0.0
08103,2020,4.0,0.0,0.0
08103,2021,3.0,0.0,0.0
08103,2022,4.0,0.0,0.0
08103,2023,1.0,0.0,0.0
08123,2016,18.0,0.0,0.0
08123,2017,15.0,0.0,0.0
08123,2018,24.0,0.0,0.0
08123,2019,2.0,0.0,0.0
08123,2020,11.0,0.0,0.0
08123,2021,21.0,0.0,0.0
08123,2022,17.0,0.0,0.0
08123,2023,27.0,60.0,217.0
09009,2016,2.0,0.0,0.0
09009,2017,2.0,0.0,0.0
09009,2018,2.0,0.0,0.0
09009,2020,2.0,0.0,0.0
09009,2023,1.0,0.0,0.0
10001,2017,1.0,0.0,0.0
10001,2018,1.0,0.0,0.0
10001,2020,1.0,0.0,0.0
10003,2023,1.0,0.0,0.0
12113,2016,1.0,0.0,0.0
12113,2017,1.0,0.0,0.0
13121,2018,2.0,0.0,0.0
13121,2020,2.0,0.0,0.0
13121,2022,1.0,0.0,0.0
13121,2023,7.0,0.0,0.0
13135,2018,2.0,0.0,0.0
13135,2020,2.0,0.0,0.0
13135,2022,1.0,0.0,0.0
13135,2023,6.0,0.0,0.0
15003,2018,2.0,0.0,0.0
16011,2023,1.0,0.0,0.0
17019,2020,2.0,0.0,0.0
17019,2021,2.0,0.0,0.0
17019,2022,2.0,0.0,0.0
17031,2016,1.0,0.0,0.0
17031,2017,1.0,0.0,0.0
17031,2020,1.0,0.0,0.0
17033,2016,1.0,0.0,0.0
17089,2020,1.0,0.0,0.0
17093,2020,1.0,0.0,0.0
17101,2018,1.0,0.0,0.0
17101,2021,2.0,0.0,0.0
17119,2020,3.0,0.0,0.0
17119,2021,4.0,0.0,0.0
17119,2022,4.0,0.0,0.0
17119,2023,3.0,0.0,0.0
17163,2020,3.0,0.0,0.0
17163,2021,4.0,0.0,0.0
17163,2022,4.0,0.0,0.0
17163,2023,3.0,0.0,0.0
17191,2020,2.0,0.0,0.0
17191,2021,2.0,0.0,0.0
17191,2022,2.0,0.0,0.0
18083,2020,4.0,0.0,0.0
18083,2021,4.0,0.0,0.0
18083,2022,4.0,0.0,0.0
18083,2023,2.0,0.0,0.0
18097,2016,2.0,0.0,0.0
18153,2020,2.0,0.0,0.0
18179,2023,1.0,0.0,0.0
19157,2018,1.0,0.0,0.0
20015,2016,2.0,0.0,0.0
20015,2017,2.0,0.0,0.0
20051,2016,2.0,0.0,0.0
20051,2023,2.0,0.0,0.0
20055,2020,2.0,0.0,0.0
20055,2022,1.0,0.0,0.0
20055,2023,1.0,0.0,0.0
20069,2020,2.0,0.0,0.0
20069,2022,1.0,0.0,0.0
20069,2023,1.0,0.0,0.0
20101,2020,2.0,0.0,0.0
20101,2022,1.0,0.0,0.0
20101,2023,1.0,0.0,0.0
20113,2023,1.0,0.0,0.0
20151,2017,1.0,0.0,0.0
20155,2022,2.0,0.0,0.0
20155,2023,1.0,0.0,0.0
20159,2022,2.0,0.0,0.0
20173,2022,2.0,0.0,0.0
20175,2019,1.0,0.0,0.0
20175,2020,3.0,0.0,0.0
20175,2021,1.0,0.0,0.0
20175,2022,1.0,0.0,0.0
21049,2017,2.0,0.0,0.0
21049,2018,1.0,0.0,0.0
21049,2020,2.0,0.0,0.0
21049,2021,2.0,0.0,0.0
21065,2021,2.0,0.0,0.0
21065,2023,1.0,0.0,0.0
21067,2017,2.0,0.0,0.0
21067,2018,1.0,0.0,0.0
21067,2020,2.0,0.0,0.0
21067,2021,2.0,0.0,0.0
21071,2018,1.0,0.0,0.0
21095,2017,2.0,0.0,0.0
21095,2018,1.0,0.0,0.0
21159,2018,1.0,0.0,0.0
21193,2018,2.0,0.0,0.0
21195,2018,1.0,0.0,0.0
21197,2021,2.0,0.0,0.0
21197,2023,1.0,0.0,0.0
22001,2016,2.0,0.0,0.0
22001,2017,13.0,0.0,0.0
22001,2018,16.0,0.0,0.0
22001,2019,3.0,0.0,0.0
22001,2020,5.0,0.0,0.0
22001,2021,3.0,0.0,0.0
22005,2019,2.0,0.0,0.0
22005,2020,2.0,0.0,0.0
22005,2021,2.0,0.0,0.0
22005,2022,2.0,0.0,0.0
22005,2023,1.0,0.0,0.0
22007,2016,3.0,0.0,0.0
22007,2017,2.0,0.0,0.0
22007,2018,1.0,0.0,0.0
22007,2020,2.0,0.0,0.0
22007,2021,3.0,0.0,0.0
22013,2016,2.0,0.0,0.0
22013,2017,2.0,0.0,0.0
22013,2020,1.0,0.0,0.0
22013,2021,2.0,0.0,0.0
22015,2016,11.0,0.0,0.0
22015,2017,7.0,0.0,0.0
22015,2018,8.0,0.0,0.0
22015,2020,11.0,0.0,0.0
22015,2021,5.0,0.0,0.0
22015,2022,4.0,0.0,0.0
22015,2023,3.0,0.0,0.0
22017,2016,4.0,0.0,0.0
22017,2017,3.0,0.0,0.0
22017,2018,7.0,0.0,0.0
22017,2020,5.0,0.0,0.0
22017,2021,6.0,0.0,0.0
22017,2022,9.0,0.0,0.0
22017,2023,3.0,0.0,0.0
22019,2020,2.0,0.0,0.0
22019,2021,3.0,0.0,0.0
22019,2022,2.0,0.0,0.0
22019,2023,1.0,0.0,0.0
22023,2017,3.0,0.0,0.0
22023,2018,4.0,0.0,0.0
22023,2019,2.0,0.0,0.0
22023,2021,1.0,0.0,0.0
22027,2017,1.0,0.0,0.0
22027,2018,2.0,0.0,0.0
22027,2020,2.0,0.0,0.0
22027,2023,1.0,0.0,0.0
22031,2016,2.0,0.0,0.0
22031,2017,2.0,0.0,0.0
22031,2018,2.0,0.0,0.0
22031,2020,2.0,0.0,0.0
22031,2021,4.0,0.0,0.0
22031,2022,2.0,0.0,0.0
22031,2023,1.0,0.0,0.0
22033,2016,3.0,0.0,0.0
22033,2017,4.0,0.0,0.0
22033,2020,3.0,0.0,0.0
22033,2021,2.0,0.0,0.0
22039,2016,1.0,0.0,0.0
22039,2017,3.0,0.0,0.0
22039,2018,3.0,0.0,0.0
22039,2019,2.0,0.0,0.0
22039,2020,2.0,0.0,0.0
22039,2021,1.0,0.0,0.0
22045,2016,20.0,0.0,0.0
22045,2017,26.0,0.0,0.0
22045,2018,27.0,0.0,0.0
22045,2019,2.0,0.0,0.0
22045,2020,17.0,0.0,0.0
22045,2021,26.0,0.0,0.0
22045,2022,16.0,0.0,0.0
22045,2023,12.0,0.0,0.0
22047,2016,4.0,0.0,0.0
22047,2018,4.0,0.0,0.0
22047,2019,4.0,0.0,0.0
22047,2020,8.0,0.0,0.0
22047,2021,8.0,0.0,0.0
22047,2022,4.0,0.0,0.0
22051,2016,2.0,0.0,0.0
22051,2017,6.0,0.0,0.0
22051,2018,2.0,0.0,0.0
22051,2022,1.0,0.0,0.0
22051,2023,1.0,0.0,0.0
22053,2017,2.0,0.0,0.0
22053,2018,2.0,0.0,0.0
22053,2022,2.0,0.0,0.0
22053,2023,1.0,0.0,0.0
22055,2016,33.0,0.0,0.0
22055,2017,56.0,0.0,0.0
22055,2018,49.0,0.0,0.0
22055,2019,5.0,0.0,0.0
22055,2020,30.0,0.0,0.0
22055,2021,36.0,0.0,0.0
22055,2022,21.0,0.0,0.0
22055,2023,21.0,0.0,0.0
22057,2016,7.0,0.0,0.0
22057,2017,12.0,0.0,0.0
22057,2018,15.0,0.0,0.0
22057,2019,4.0,0.0,0.0
22057,2020,10.0,0.0,0.0
22057,2021,5.0,0.0,0.0
22057,2022,1.0,0.0,0.0
22057,2023,2.0,0.0,0.0
22059,2017,5.0,0.0,0.0
22059,2018,4.0,0.0,0.0
22059,2019,2.0,0.0,0.0
22059,2020,2.0,0.0,0.0
22059,2021,1.0,0.0,0.0
22069,2016,4.0,0.0,0.0
22069,2017,2.0,0.0,0.0
22069,2020,2.0,0.0,0.0
22069,2021,2.0,0.0,0.0
22071,2016,5.0,0.0,0.0
22071,2018,7.0,0.0,0.0
22071,2019,3.0,0.0,0.0
22071,2020,3.0,0.0,0.0
22071,2021,4.0,0.0,0.0
22071,2022,3.0,0.0,0.0
22071,2023,1.0,0.0,0.0
22073,2023,1.0,0.0,0.0
22075,2016,3.0,0.0,0.0
22077,2020,6.0,0.0,0.0
22077,2022,1.0,0.0,0.0
22081,2016,6.0,0.0,0.0
22081,2017,4.0,0.0,0.0
22081,2018,4.0,0.0,0.0
22081,2020,3.0,0.0,0.0
22081,2021,6.0,0.0,0.0
22081,2022,2.0,0.0,0.0
22081,2023,1.0,0.0,0.0
22085,2016,2.0,0.0,0.0
22085,2017,2.0,0.0,0.0
22085,2020,2.0,0.0,0.0
22085,2021,2.0,0.0,0.0
22089,2016,1.0,0.0,0.0
22089,2017,1.0,0.0,0.0
22089,2018,2.0,0.0,0.0
22095,2016,1.0,0.0,0.0
22095,2018,2.0,0.0,0.0
22095,2022,1.0,0.0,0.0
22095,2023,1.0,0.0,0.0
22097,2016,1.0,0.0,0.0
22097,2017,3.0,0.0,0.0
22097,2018,3.0,0.0,0.0
22097,2019,2.0,0.0,0.0
22097,2020,3.0,0.0,0.0
22097,2021,4.0,0.0,0.0
22097,2022,1.0,0.0,0.0
22097,2023,1.0,0.0,0.0
22099,2016,18.0,0.0,0.0
22099,2017,24.0,0.0,0.0
22099,2018,19.0,0.0,0.0
22099,2020,14.0,0.0,0.0
22099,2021,24.0,0.0,0.0
22099,2022,14.0,0.0,0.0
22099,2023,10.0,0.0,0.0
22101,2016,4.0,0.0,0.0
22101,2017,2.0,0.0,0.0
22101,2018,1.0,0.0,0.0
22101,2019,2.0,0.0,0.0
22101,2020,4.0,0.0,0.0
22101,2021,6.0,0.0,0.0
22101,2022,1.0,0.0,0.0
22101,2023,1.0,0.0,0.0
22103,2016,3.0,0.0,0.0
22103,2017,2.0,0.0,0.0
22103,2018,1.0,0.0,0.0
22103,2019,1.0,0.0,0.0
22103,2020,3.0,0.0,0.0
22103,2021,3.0,0.0,0.0
22103,2022,3.0,0.0,0.0
22103,2023,2.0,0.0,0.0
22105,2018,4.0,0.0,0.0
22105,2019,2.0,0.0,0.0
22105,2020,2.0,0.0,0.0
22105,2021,1.0,0.0,0.0
22105,2022,2.0,0.0,0.0
22109,2016,17.0,0.0,0.0
22109,2017,22.0,0.0,0.0
22109,2018,18.0,0.0,0.0
22109,2019,4.0,0.0,0.0
22109,2020,20.0,0.0,0.0
22109,2021,17.0,0.0,0.0
22109,2022,13.0,0.0,0.0
22109,2023,7.0,0.0,0.0
22113,2016,11.0,0.0,0.0
22113,2017,15.0,0.0,0.0
22113,2018,23.0,0.0,0.0
22113,2019,8.0,0.0,0.0
22113,2020,13.0,0.0,0.0
22113,2021,16.0,0.0,0.0
22113,2022,8.0,0.0,0.0
22113,2023,4.0,0.0,0.0
22119,2016,6.0,0.0,0.0
22119,2017,7.0,0.0,0.0
22119,2018,5.0,0.0,0.0
22119,2020,4.0,0.0,0.0
22119,2021,2.0,0.0,0.0
22121,2019,4.0,0.0,0.0
22121,2020,6.0,0.0,0.0
22121,2021,4.0,0.0,0.0
22127,2017,2.0,0.0,0.0
22127,2018,2.0,0.0,0.0
22127,2019,2.0,0.0,0.0
24041,2020,1.0,0.0,0.0
24041,2021,2.0,0.0,0.0
25017,2016,2.0,0.0,0.0
25017,2018,2.0,0.0,0.0
25017,2023,1.0,0.0,0.0
25019,2023,1.0,0.0,0.0
26005,2018,2.0,0.0,0.0
26015,2018,2.0,0.0,0.0
26023,2020,2.0,0.0,0.0
26023,2023,2.0,0.0,0.0
26025,2020,2.0,0.0,0.0
26025,2023,2.0,0.0,0.0
26035,2023,1.0,0.0,0.0
26057,2017,1.0,0.0,0.0
26059,2020,2.0,0.0,0.0
26059,2023,2.0,0.0,0.0
26073,2017,1.0,0.0,0.0
26075,2020,2.0,0.0,0.0
26075,2023,2.0,0.0,0.0
26079,2023,1.0,0.0,0.0
26081,2016,2.0,0.0,0.0
26081,2018,2.0,0.0,0.0
26113,2023,1.0,0.0,0.0
26125,2016,2.0,0.0,0.0
26125,2017,2.0,0.0,0.0
26137,2016,1.0,0.0,0.0
26137,2017,1.0,0.0,0.0
26139,2016,2.0,0.0,0.0
26145,2018,1.0,0.0,0.0
27003,2022,2.0,0.0,0.0
28023,2016,1.0,0.0,0.0
28023,2017,3.0,0.0,0.0
28023,2018,5.0,0.0,0.0
28023,2020,4.0,0.0,0.0
28023,2021,1.0,0.0,0.0
28023,2022,2.0,0.0,0.0
28023,2023,1.0,0.0,0.0
28031,2021,2.0,0.0,0.0
28031,2022,2.0,0.0,0.0
28035,2021,2.0,0.0,0.0
28035,2022,2.0,0.0,0.0
28061,2018,4.0,0.0,0.0
28061,2020,6.0,0.0,0.0
28061,2023,1.0,0.0,0.0
28065,2016,2.0,0.0,0.0
28065,2020,1.0,0.0,0.0
28065,2022,2.0,0.0,0.0
28067,2016,1.0,0.0,0.0
28067,2018,4.0,0.0,0.0
28067,2020,2.0,0.0,0.0
28067,2023,1.0,0.0,0.0
28073,2016,2.0,0.0,0.0
28073,2020,1.0,0.0,0.0
28073,2021,2.0,0.0,0.0
28073,2022,4.0,0.0,0.0
28075,2017,2.0,0.0,0.0
28075,2018,2.0,0.0,0.0
28089,2023,1.0,0.0,0.0
28091,2016,2.0,0.0,0.0
28091,2020,1.0,0.0,0.0
28091,2022,2.0,0.0,0.0
28121,2016,1.0,0.0,0.0
28121,2017,1.0,0.0,0.0
28127,2016,1.0,0.0,0.0
28127,2017,1.0,0.0,0.0
28129,2020,4.0,0.0,0.0
28129,2023,1.0,0.0,0.0
28153,2016,2.0,0.0,0.0
28153,2017,3.0,0.0,0.0
28153,2018,5.0,0.0,0.0
28153,2020,6.0,0.0,0.0
28153,2021,3.0,0.0,0.0
28153,2022,2.0,0.0,0.0
28153,2023,1.0,0.0,0.0
29009,2018,2.0,0.0,0.0
29209,2018,2.0,0.0,0.0
30021,2016,2.0,0.0,0.0
30021,2018,2.0,0.0,0.0
30025,2016,2.0,0.0,0.0
30025,2018,1.0,0.0,0.0
30025,2019,1.0,0.0,0.0
30025,2020,2.0,0.0,0.0
30025,2021,2.0,0.0,0.0
30025,2022,1.0,0.0,0.0
30079,2016,2.0,0.0,0.0
30079,2018,2.0,0.0,0.0
30083,2016,2.0,0.0,0.0
30083,2017,4.0,0.0,0.0
30083,2018,1.0,0.0,0.0
30083,2019,2.0,0.0,0.0
30083,2020,2.0,0.0,0.0
30083,2021,2.0,0.0,0.0
30083,2022,2.0,0.0,0.0
30083,2023,1.0,0.0,0.0
30091,2016,2.0,0.0,0.0
30095,2016,2.0,0.0,0.0
30101,2018,1.0,0.0,0.0
30101,2019,1.0,0.0,0.0
30101,2021,2.0,0.0,0.0
30101,2022,1.0,0.0,0.0
30101,2023,1.0,0.0,0.0
30111,2016,2.0,0.0,0.0
30111,2017,1.0,0.0,0.0
30111,2023,1.0,0.0,0.0
31007,2018,1.0,0.0,0.0
31007,2021,2.0,0.0,0.0
31041,2020,2.0,0.0,0.0
31041,2023,1.0,0.0,0.0
31105,2018,1.0,0.0,0.0
31105,2021,2.0,0.0,0.0
32031,2018,1.0,0.0,0.0
32031,2021,1.0,0.0,0.0
32031,2022,3.0,0.0,0.0
32031,2023,1.0,0.0,0.0
33009,2020,2.0,0.0,0.0
33015,2023,1.0,0.0,0.0
34001,2022,3.0,0.0,0.0
34007,2022,2.0,0.0,0.0
34013,2017,2.0,0.0,0.0
34013,2018,2.0,0.0,0.0
34013,2019,2.0,0.0,0.0
34013,2020,2.0,0.0,0.0
34013,2021,2.0,0.0,0.0
34013,2022,1.0,0.0,0.0
34023,2022,1.0,0.0,0.0
34035,2022,1.0,0.0,0.0
34037,2017,2.0,0.0,0.0
35005,2021,2.0,0.0,0.0
35005,2022,2.0,0.0,0.0
35015,2016,10.0,0.0,0.0
35015,2017,5.0,0.0,0.0
35015,2018,3.0,0.0,0.0
35015,2019,3.0,0.0,0.0
35015,2020,8.0,0.0,0.0
35015,2021,9.0,0.0,0.0
35015,2022,9.0,0.0,0.0
35015,2023,10.0,0.0,0.0
35021,2021,2.0,0.0,0.0
35021,2022,2.0,0.0,0.0
35021,2023,1.0,0.0,0.0
35025,2016,7.0,0.0,0.0
35025,2017,5.0,0.0,0.0
35025,2018,8.0,0.0,0.0
35025,2019,4.0,0.0,0.0
35025,2020,7.0,0.0,0.0
35025,2021,11.0,0.0,0.0
35025,2022,4.0,0.0,0.0
35025,2023,11.0,0.0,1.0
35045,2016,7.0,0.0,0.0
35045,2017,10.0,0.0,0.0
35045,2018,13.0,0.0,0.0
35045,2020,4.0,0.0,0.0
35045,2021,4.0,0.0,0.0
35045,2022,8.0,0.0,0.0
35045,2023,5.0,0.0,0.0
35059,2021,2.0,0.0,0.0
35059,2022,2.0,0.0,0.0
35059,2023,1.0,0.0,0.0
36007,2023,1.0,0.0,0.0
36009,2017,2.0,0.0,0.0
36015,2023,1.0,0.0,0.0
36029,2017,1.0,0.0,0.0
36029,2018,1.0,0.0,0.0
36029,2019,1.0,0.0,0.0
36029,2020,1.0,0.0,0.0
36055,2017,1.0,0.0,0.0
36055,2018,1.0,0.0,0.0
36061,2023,2.0,0.0,0.0
36067,2023,1.0,0.0,0.0
36097,2023,1.0,0.0,0.0
36117,2017,1.0,0.0,0.0
36117,2018,1.0,0.0,0.0
37013,2023,1.0,0.0,0.0
37025,2023,1.0,0.0,0.0
37037,2023,1.0,0.0,0.0
37065,2023,1.0,0.0,0.0
37097,2017,2.0,0.0,0.0
37101,2021,1.0,0.0,0.0
37119,2023,1.0,0.0,0.0
37147,2023,2.0,0.0,0.0
37183,2021,1.0,0.0,0.0
37183,2023,1.0,0.0,0.0
38007,2016,9.0,0.0,0.0
38007,2017,5.0,0.0,0.0
38007,2018,7.0,0.0,0.0
38007,2019,8.0,0.0,0.0
38007,2020,7.0,0.0,0.0
38007,2021,7.0,0.0,0.0
38007,2022,8.0,0.0,0.0
38007,2023,4.0,0.0,0.0
38009,2020,1.0,0.0,0.0
38009,2021,2.0,0.0,0.0
38009,2022,2.0,0.0,0.0
38013,2016,2.0,0.0,0.0
38013,2017,2.0,0.0,0.0
38013,2018,2.0,0.0,0.0
38013,2021,3.0,0.0,0.0
38013,2023,3.0,0.0,0.0
38015,2023,2.0,0.0,0.0
38023,2016,4.0,0.0,0.0
38023,2017,2.0,0.0,0.0
38023,2018,1.0,0.0,0.0
38023,2020,2.0,0.0,0.0
38023,2021,1.0,0.0,0.0
38023,2022,2.0,0.0,0.0
38023,2023,2.0,0.0,0.0
38025,2016,16.0,0.0,0.0
38025,2017,12.0,0.0,0.0
38025,2018,16.0,0.0,0.0
38025,2019,13.0,0.0,0.0
38025,2020,22.0,0.0,0.0
38025,2021,23.0,0.0,0.0
38025,2022,18.0,0.0,0.0
38025,2023,8.0,0.0,0.0
38053,2016,13.0,0.0,0.0
38053,2017,11.0,0.0,0.0
38053,2018,14.0,0.0,0.0
38053,2019,14.0,0.0,0.0
38053,2020,11.0,0.0,0.0
38053,2021,20.0,0.0,0.0
38053,2022,14.0,0.0,0.0
38053,2023,10.0,0.0,0.0
38059,2021,2.0,0.0,0.0
38061,2016,11.0,0.0,0.0
38061,2017,5.0,0.0,0.0
38061,2018,8.0,0.0,0.0
38061,2019,3.0,0.0,0.0
38061,2020,5.0,0.0,0.0
38061,2021,11.0,0.0,0.0
38061,2022,7.0,0.0,0.0
38061,2023,7.0,0.0,0.0
38075,2016,1.0,0.0,0.0
38075,2017,1.0,0.0,0.0
38075,2023,2.0,0.0,0.0
38089,2016,10.0,0.0,0.0
38089,2017,7.0,0.0,0.0
38089,2018,7.0,0.0,0.0
38089,2019,1.0,0.0,0.0
38089,2020,14.0,0.0,0.0
38089,2021,9.0,0.0,0.0
38089,2022,7.0,0.0,0.0
38089,2023,2.0,0.0,0.0
38101,2016,1.0,0.0,0.0
38101,2017,2.0,0.0,0.0
38101,2020,1.0,0.0,0.0
38101,2021,2.0,0.0,0.0
38101,2023,3.0,0.0,0.0
38105,2016,35.0,0.0,0.0
38105,2017,24.0,0.0,0.0
38105,2018,33.0,0.0,0.0
38105,2019,5.0,0.0,0.0
38105,2020,27.0,0.0,0.0
38105,2021,29.0,0.0,0.0
38105,2022,29.0,0.0,0.0
38105,2023,22.0,0.0,0.0
39003,2016,2.0,0.0,0.0
39005,2016,2.0,0.0,0.0
39005,2017,2.0,0.0,0.0
39005,2018,2.0,0.0,0.0
39005,2019,2.0,0.0,0.0
39005,2020,2.0,0.0,0.0
39005,2021,1.0,0.0,0.0
39005,2022,1.0,0.0,0.0
39011,2016,2.0,0.0,0.0
39013,2016,1.0,0.0,0.0
39013,2017,2.0,0.0,0.0
39013,2018,5.0,0.0,0.0
39013,2019,7.0,0.0,0.0
39013,2020,6.0,0.0,0.0
39013,2021,5.0,0.0,0.0
39013,2022,3.0,0.0,0.0
39013,2023,5.0,0.0,78.0
39017,2016,2.0,0.0,0.0
39017,2023,1.0,0.0,0.0
39019,2016,2.0,0.0,0.0
39019,2019,1.0,0.0,0.0
39019,2020,2.0,0.0,0.0
39019,2022,1.0,0.0,0.0
39019,2023,3.0,0.0,0.0
39029,2023,1.0,0.0,0.0
39031,2018,1.0,0.0,0.0
39043,2023,1.0,0.0,0.0
39045,2023,1.0,0.0,0.0
39049,2016,2.0,0.0,0.0
39049,2021,2.0,0.0,0.0
39049,2022,2.0,0.0,0.0
39049,2023,1.0,0.0,0.0
39059,2016,1.0,0.0,0.0
39059,2017,1.0,0.0,0.0
39059,2018,3.0,0.0,0.0
39059,2019,10.0,0.0,0.0
39059,2020,8.0,0.0,0.0
39059,2021,6.0,0.0,0.0
39061,2023,1.0,0.0,0.0
39067,2016,1.0,0.0,0.0
39067,2017,2.0,0.0,0.0
39067,2018,3.0,0.0,0.0
39067,2019,4.0,0.0,0.0
39067,2020,6.0,0.0,0.0
39067,2021,3.0,0.0,0.0
39067,2022,1.0,0.0,0.0
39067,2023,3.0,0.0,0.0
39073,2018,1.0,0.0,0.0
39073,2022,2.0,0.0,0.0
39075,2018,1.0,0.0,0.0
39077,2023,1.0,0.0,0.0
39081,2019,2.0,0.0,0.0
39081,2020,2.0,0.0,0.0
39081,2021,2.0,0.0,0.0
39081,2023,1.0,0.0,0.0
39083,2016,2.0,0.0,0.0
39083,2017,2.0,0.0,0.0
39083,2018,1.0,0.0,0.0
39089,2016,2.0,0.0,0.0
39089,2017,2.0,0.0,0.0
39089,2018,1.0,0.0,0.0
39093,2023,1.0,0.0,0.0
39099,2023,1.0,0.0,0.0
39103,2020,2.0,0.0,0.0
39111,2018,2.0,0.0,0.0
39111,2019,8.0,0.0,0.0
39111,2020,8.0,0.0,0.0
39111,2021,6.0,0.0,0.0
39117,2016,2.0,0.0,0.0
39117,2017,2.0,0.0,0.0
39117,2018,1.0,0.0,0.0
39119,2016,1.0,0.0,0.0
39119,2017,1.0,0.0,0.0
39119,2018,1.0,0.0,0.0
39119,2020,2.0,0.0,0.0
39119,2021,2.0,0.0,0.0
39119,2022,1.0,0.0,0.0
39119,2023,2.0,0.0,0.0
39121,2018,2.0,0.0,0.0
39121,2019,10.0,0.0,0.0
39121,2020,10.0,0.0,0.0
39121,2021,10.0,0.0,0.0
39127,2016,1.0,0.0,0.0
39127,2017,1.0,0.0,0.0
39127,2018,2.0,0.0,0.0
39127,2020,2.0,0.0,0.0
39127,2021,2.0,0.0,0.0
39127,2022,3.0,0.0,0.0
39127,2023,3.0,0.0,0.0
39129,2016,2.0,0.0,0.0
39129,2021,2.0,0.0,0.0
39129,2022,2.0,0.0,0.0
39129,2023,1.0,0.0,0.0
39133,2018,1.0,0.0,0.0
39151,2018,3.0,0.0,0.0
39151,2020,2.0,0.0,0.0
39151,2021,1.0,0.0,0.0
39151,2023,2.0,0.0,0.0
39153,2019,2.0,0.0,0.0
39153,2021,2.0,0.0,0.0
39153,2023,1.0,0.0,0.0
39157,2018,1.0,0.0,0.0
39157,2022,1.0,0.0,0.0
39157,2023,1.0,0.0,0.0
39163,2018,1.0,0.0,0.0
39163,2022,2.0,0.0,0.0
39165,2016,2.0,0.0,0.0
39165,2023,1.0,0.0,0.0
39167,2017,6.0,0.0,0.0
39167,2018,7.0,0.0,0.0
39167,2019,2.0,0.0,0.0
39167,2020,2.0,0.0,0.0
39169,2016,2.0,0.0,0.0
39169,2017,2.0,0.0,0.0
39169,2018,2.0,0.0,0.0
39169,2019,2.0,0.0,0.0
39169,2020,2.0,0.0,0.0
39169,2021,1.0,0.0,0.0
39169,2022,1.0,0.0,0.0
40003,2016,2.0,0.0,0.0
40003,2017,3.0,0.0,0.0
40003,2018,1.0,0.0,0.0
40003,2020,2.0,0.0,0.0
40003,2021,1.0,0.0,0.0
40007,2020,4.0,0.0,0.0
40007,2021,4.0,0.0,0.0
40007,2023,2.0,0.0,0.0
40009,2016,14.0,0.0,0.0
40009,2017,4.0,0.0,0.0
40009,2018,5.0,0.0,0.0
40009,2020,3.0,0.0,0.0
40009,2021,2.0,0.0,0.0
40009,2023,2.0,0.0,0.0
40011,2016,7.0,0.0,0.0
40011,2017,2.0,0.0,0.0
40011,2018,4.0,0.0,0.0
40011,2019,5.0,0.0,0.0
40011,2020,5.0,0.0,0.0
40011,2021,5.0,0.0,0.0
40011,2022,3.0,0.0,0.0
40011,2023,2.0,0.0,0.0
40015,2018,1.0,0.0,0.0
40015,2019,1.0,0.0,0.0
40017,2016,143.0,0.0,0.0
40017,2017,105.0,0.0,0.0
40017,2018,11.0,0.0,0.0
40017,2019,3.0,0.0,0.0
40017,2020,114.0,0.0,0.0
40017,2021,77.0,0.0,0.0
40017,2022,73.0,0.0,0.0
40017,2023,43.0,0.0,0.0
40019,2016,1.0,0.0,0.0
40019,2017,2.0,0.0,0.0
40019,2018,6.0,0.0,0.0
40019,2019,2.0,0.0,0.0
40019,2020,5.0,0.0,0.0
40019,2021,2.0,0.0,0.0
40019,2022,1.0,0.0,0.0
40027,2016,5.0,0.0,0.0
40027,2017,6.0,0.0,0.0
40027,2018,10.0,0.0,0.0
40027,2020,10.0,0.0,0.0
40027,2021,9.0,0.0,0.0
40027,2022,10.0,0.0,0.0
40027,2023,3.0,0.0,0.0
40031,2016,4.0,0.0,0.0
40031,2017,4.0,0.0,0.0
40031,2019,1.0,0.0,0.0
40031,2020,4.0,0.0,0.0
40031,2021,4.0,0.0,0.0
40037,2016,4.0,0.0,0.0
40037,2018,5.0,0.0,0.0
40037,2019,2.0,0.0,0.0
40037,2020,2.0,0.0,0.0
40039,2016,18.0,0.0,0.0
40039,2017,12.0,0.0,0.0
40039,2018,2.0,0.0,0.0
40039,2019,1.0,0.0,0.0
40039,2020,9.0,0.0,0.0
40039,2021,10.0,0.0,0.0
40039,2022,1.0,0.0,0.0
40039,2023,3.0,0.0,0.0
40043,2016,4.0,0.0,0.0
40043,2017,3.0,0.0,0.0
40043,2018,1.0,0.0,0.0
40043,2020,2.0,0.0,0.0
40043,2021,3.0,0.0,0.0
40043,2022,2.0,0.0,0.0
40043,2023,1.0,0.0,0.0
40047,2016,1.0,0.0,0.0
40047,2017,4.0,0.0,0.0
40047,2018,2.0,0.0,0.0
40047,2019,2.0,0.0,0.0
40047,2020,3.0,0.0,0.0
40047,2021,4.0,0.0,0.0
40047,2022,5.0,0.0,0.0
40047,2023,1.0,0.0,0.0
40049,2016,1.0,0.0,0.0
40049,2017,1.0,0.0,0.0
40049,2020,2.0,0.0,0.0
40049,2021,4.0,0.0,0.0
40049,2022,4.0,0.0,0.0
40051,2016,6.0,0.0,0.0
40051,2017,5.0,0.0,0.0
40051,2018,6.0,0.0,0.0
40051,2019,6.0,0.0,0.0
40051,2020,6.0,0.0,0.0
40051,2021,11.0,0.0,0.0
40051,2022,5.0,0.0,0.0
40051,2023,2.0,0.0,0.0
40053,2017,1.0,0.0,0.0
40053,2018,2.0,0.0,0.0
40053,2020,2.0,0.0,0.0
40053,2021,1.0,0.0,0.0
40061,2016,2.0,0.0,0.0
40061,2017,1.0,0.0,0.0
40061,2019,2.0,0.0,0.0
40061,2020,3.0,0.0,0.0
40061,2021,2.0,0.0,0.0
40063,2016,3.0,0.0,0.0
40063,2017,4.0,0.0,0.0
40063,2018,1.0,0.0,0.0
40063,2019,1.0,0.0,0.0
40063,2020,5.0,0.0,0.0
40063,2021,6.0,0.0,0.0
40063,2022,1.0,0.0,0.0
40063,2023,1.0,0.0,0.0
40069,2017,3.0,0.0,0.0
40069,2018,3.0,0.0,0.0
40071,2016,2.0,0.0,0.0
40071,2017,2.0,0.0,0.0
40071,2018,4.0,0.0,0.0
40071,2020,2.0,0.0,0.0
40073,2016,1.0,0.0,0.0
40073,2017,6.0,0.0,0.0
40073,2018,4.0,0.0,0.0
40073,2019,7.0,0.0,0.0
40073,2020,8.0,0.0,0.0
40073,2021,9.0,0.0,0.0
40073,2022,8.0,0.0,0.0
40073,2023,4.0,0.0,0.0
40081,2016,2.0,0.0,0.0
40081,2019,2.0,0.0,0.0
40081,2020,4.0,0.0,0.0
40083,2016,1.0,0.0,0.0
40083,2017,4.0,0.0,0.0
40083,2018,2.0,0.0,0.0
40083,2020,1.0,0.0,0.0
40083,2021,2.0,0.0,0.0
40083,2022,3.0,0.0,0.0
40083,2023,2.0,0.0,0.0
40085,2016,1.0,0.0,0.0
40085,2017,2.0,0.0,0.0
40085,2018,2.0,0.0,0.0
40085,2019,2.0,0.0,0.0
40085,2020,1.0,0.0,0.0
40087,2016,1.0,0.0,0.0
40087,2017,2.0,0.0,0.0
40087,2020,1.0,0.0,0.0
40087,2021,5.0,0.0,0.0
40087,2022,2.0,0.0,0.0
40087,2023,2.0,0.0,0.0
40093,2016,1.0,0.0,0.0
40093,2017,5.0,0.0,0.0
40093,2018,2.0,0.0,0.0
40093,2019,4.0,0.0,0.0
40093,2020,8.0,0.0,0.0
40093,2021,10.0,0.0,0.0
40093,2022,10.0,0.0,0.0
40095,2017,1.0,0.0,0.0
40095,2018,1.0,0.0,0.0
40099,2017,2.0,0.0,0.0
40099,2018,2.0,0.0,0.0
40099,2022,4.0,0.0,0.0
40103,2018,2.0,0.0,0.0
40105,2019,2.0,0.0,0.0
40105,2020,2.0,0.0,0.0
40105,2022,4.0,0.0,0.0
40105,2023,1.0,0.0,0.0
40107,2016,2.0,0.0,0.0
40107,2017,2.0,0.0,0.0
40107,2020,4.0,0.0,0.0
40107,2021,2.0,0.0,0.0
40109,2016,152.0,0.0,0.0
40109,2017,111.0,0.0,0.0
40109,2018,28.0,0.0,0.0
40109,2019,11.0,0.0,0.0
40109,2020,116.0,0.0,0.0
40109,2021,84.0,0.0,0.0
40109,2022,90.0,0.0,0.0
40109,2023,54.0,0.0,0.0
40113,2016,8.0,0.0,0.0
40113,2017,4.0,0.0,0.0
40113,2018,6.0,0.0,0.0
40113,2019,5.0,0.0,0.0
40113,2020,7.0,0.0,0.0
40113,2021,5.0,0.0,0.0
40113,2022,1.0,0.0,0.0
40113,2023,1.0,0.0,0.0
40117,2016,1.0,0.0,0.0
40117,2018,1.0,0.0,0.0
40117,2021,1.0,0.0,0.0
40117,2022,1.0,0.0,0.0
40117,2023,1.0,0.0,0.0
40119,2016,2.0,0.0,0.0
40119,2018,2.0,0.0,0.0
40119,2019,2.0,0.0,0.0
40119,2020,2.0,0.0,0.0
40121,2016,2.0,0.0,0.0
40121,2017,2.0,0.0,0.0
40121,2018,1.0,0.0,0.0
40121,2019,4.0,0.0,0.0
40121,2020,5.0,0.0,0.0
40121,2021,2.0,0.0,0.0
40123,2018,2.0,0.0,0.0
40123,2019,2.0,0.0,0.0
40123,2021,2.0,0.0,0.0
40125,2016,2.0,0.0,0.0
40125,2017,2.0,0.0,0.0
40125,2018,1.0,0.0,0.0
40125,2020,4.0,0.0,0.0
40125,2021,2.0,0.0,0.0
40125,2023,1.0,0.0,0.0
40129,2016,14.0,0.0,0.0
40129,2017,4.0,0.0,0.0
40129,2018,5.0,0.0,0.0
40129,2020,3.0,0.0,0.0
40129,2021,2.0,0.0,0.0
40129,2023,2.0,0.0,0.0
40131,2021,2.0,0.0,0.0
40131,2022,2.0,0.0,0.0
40133,2016,3.0,0.0,0.0
40133,2017,4.0,0.0,0.0
40133,2018,4.0,0.0,0.0
40133,2020,3.0,0.0,0.0
40133,2021,4.0,0.0,0.0
40133,2022,1.0,0.0,0.0
40133,2023,1.0,0.0,0.0
40137,2016,3.0,0.0,0.0
40137,2017,2.0,0.0,0.0
40137,2018,4.0,0.0,0.0
40137,2019,1.0,0.0,0.0
40137,2020,5.0,0.0,0.0
40137,2021,3.0,0.0,0.0
40139,2016,3.0,0.0,0.0
40139,2017,1.0,0.0,0.0
40139,2018,2.0,0.0,0.0
40143,2016,24.0,0.0,0.0
40143,2017,18.0,0.0,0.0
40143,2018,20.0,0.0,0.0
40143,2019,7.0,0.0,0.0
40143,2020,24.0,0.0,0.0
40143,2021,20.0,0.0,0.0
40143,2022,10.0,0.0,0.0
40143,2023,6.0,0.0,0.0
40145,2021,2.0,0.0,0.0
40145,2022,2.0,0.0,0.0
40149,2016,24.0,0.0,0.0
40149,2017,11.0,0.0,0.0
40149,2018,7.0,0.0,0.0
40149,2019,1.0,0.0,0.0
40149,2020,9.0,0.0,0.0
40149,2021,9.0,0.0,0.0
40149,2022,1.0,0.0,0.0
40149,2023,6.0,0.0,0.0
40151,2016,1.0,0.0,0.0
40151,2017,1.0,0.0,0.0
40151,2018,1.0,0.0,0.0
40151,2020,2.0,0.0,0.0
40151,2021,1.0,0.0,0.0
40151,2023,1.0,0.0,0.0
40153,2016,2.0,0.0,0.0
40153,2017,2.0,0.0,0.0
40153,2018,3.0,0.0,0.0
40153,2019,2.0,0.0,0.0
40153,2020,1.0,0.0,0.0
40153,2021,4.0,0.0,0.0
40153,2022,3.0,0.0,0.0
40153,2023,3.0,0.0,0.0
41005,2022,2.0,0.0,0.0
41047,2022,2.0,0.0,0.0
41051,2018,1.0,0.0,0.0
41067,2018,1.0,0.0,0.0
42003,2016,15.0,0.0,0.0
42003,2017,5.0,0.0,0.0
42003,2018,17.0,0.0,0.0
42003,2019,10.0,0.0,0.0
42003,2020,9.0,0.0,0.0
42003,2021,9.0,0.0,0.0
42003,2022,10.0,0.0,0.0
42003,2023,7.0,0.0,0.0
42005,2016,2.0,0.0,0.0
42005,2018,1.0,0.0,0.0
42005,2020,1.0,0.0,0.0
42005,2021,5.0,0.0,0.0
42005,2023,2.0,0.0,0.0
42007,2016,2.0,0.0,0.0
42007,2023,1.0,0.0,0.0
42009,2017,1.0,0.0,0.0
42013,2017,1.0,0.0,0.0
42015,2020,2.0,0.0,0.0
42015,2022,2.0,0.0,0.0
42015,2023,2.0,0.0,0.0
42019,2022,2.0,0.0,0.0
42019,2023,3.0,0.0,0.0
42027,2018,1.0,0.0,0.0
42027,2021,2.0,0.0,0.0
42027,2022,1.0,0.0,0.0
42027,2023,1.0,0.0,0.0
42031,2016,1.0,0.0,0.0
42033,2017,3.0,0.0,0.0
42033,2018,3.0,0.0,0.0
42033,2020,3.0,0.0,0.0
42033,2021,3.0,0.0,0.0
42033,2022,2.0,0.0,0.0
42033,2023,1.0,0.0,0.0
42035,2016,1.0,0.0,0.0
42035,2018,3.0,0.0,0.0
42035,2021,1.0,0.0,0.0
42035,2023,1.0,0.0,0.0
42037,2016,4.0,0.0,0.0
42039,2020,1.0,0.0,0.0
42039,2021,2.0,0.0,0.0
42039,2022,2.0,0.0,0.0
42043,2017,2.0,0.0,0.0
42043,2018,2.0,0.0,0.0
42043,2019,2.0,0.0,0.0
42043,2020,2.0,0.0,0.0
42047,2017,2.0,0.0,0.0
42047,2020,2.0,0.0,0.0
42047,2023,1.0,0.0,0.0
42049,2023,1.0,0.0,0.0
42051,2016,1.0,0.0,0.0
42051,2017,2.0,0.0,0.0
42051,2018,1.0,0.0,0.0
42051,2020,1.0,0.0,0.0
42051,2021,1.0,0.0,0.0
42051,2022,2.0,0.0,0.0
42051,2023,1.0,0.0,0.0
42059,2016,4.0,0.0,0.0
42059,2017,6.0,0.0,0.0
42059,2018,7.0,0.0,0.0
42059,2019,3.0,0.0,0.0
42059,2020,6.0,0.0,0.0
42059,2021,2.0,0.0,0.0
42059,2022,2.0,0.0,0.0
42059,2023,3.0,0.0,0.0
42063,2016,5.0,0.0,0.0
42063,2017,1.0,0.0,0.0
42063,2018,3.0,0.0,0.0
42063,2020,1.0,0.0,0.0
42063,2021,5.0,0.0,0.0
42063,2023,2.0,0.0,0.0
42065,2017,3.0,0.0,0.0
42065,2018,5.0,0.0,0.0
42065,2020,3.0,0.0,0.0
42065,2021,3.0,0.0,0.0
42065,2022,2.0,0.0,0.0
42065,2023,1.0,0.0,0.0
42069,2023,1.0,0.0,0.0
42073,2021,2.0,0.0,0.0
42079,2023,1.0,0.0,0.0
42081,2016,5.0,0.0,0.0
42081,2017,2.0,0.0,0.0
42081,2018,1.0,0.0,0.0
42081,2019,3.0,0.0,0.0
42081,2020,2.0,0.0,0.0
42083,2018,2.0,0.0,0.0
42085,2018,1.0,0.0,0.0
42093,2016,4.0,0.0,0.0
42097,2016,4.0,0.0,0.0
42105,2018,2.0,0.0,0.0
42113,2019,2.0,0.0,0.0
42113,2020,2.0,0.0,0.0
42115,2016,3.0,0.0,0.0
42115,2018,2.0,0.0,0.0
42115,2023,4.0,0.0,0.0
42117,2016,4.0,0.0,0.0
42117,2017,2.0,0.0,0.0
42117,2018,2.0,0.0,0.0
42117,2019,2.0,0.0,0.0
42117,2021,2.0,0.0,0.0
42117,2023,1.0,0.0,0.0
42125,2016,16.0,0.0,0.0
42125,2017,6.0,0.0,0.0
42125,2018,24.0,0.0,0.0
42125,2019,11.0,0.0,0.0
42125,2020,15.0,0.0,0.0
42125,2021,9.0,0.0,0.0
42125,2022,9.0,0.0,0.0
42125,2023,10.0,0.0,0.0
42127,2023,1.0,0.0,0.0
42129,2016,1.0,0.0,0.0
42129,2022,2.0,0.0,0.0
42131,2016,1.0,0.0,0.0
42131,2023,4.0,0.0,0.0
45045,2023,1.0,0.0,0.0
45063,2023,1.0,0.0,0.0
45083,2023,1.0,0.0,0.0
46063,2016,2.0,0.0,0.0
46063,2019,1.0,0.0,0.0
46063,2020,1.0,0.0,0.0
46063,2021,2.0,0.0,0.0
46063,2022,2.0,0.0,0.0
47001,2020,2.0,0.0,0.0
47037,2017,2.0,0.0,0.0
47093,2020,4.0,0.0,0.0
48001,2018,1.0,0.0,0.0
48001,2020,2.0,0.0,0.0
48001,2022,2.0,0.0,0.0
48001,2023,1.0,0.0,0.0
48003,2016,8.0,0.0,0.0
48003,2017,4.0,0.0,0.0
48003,2018,5.0,0.0,0.0
48003,2019,4.0,0.0,0.0
48003,2020,6.0,0.0,0.0
48003,2021,4.0,0.0,0.0
48003,2022,3.0,0.0,0.0
48003,2023,2.0,0.0,0.0
48007,2019,2.0,0.0,0.0
48007,2020,2.0,0.0,0.0
48007,2021,2.0,0.0,0.0
48007,2022,2.0,0.0,0.0
48009,2023,1.0,0.0,0.0
48013,2016,15.0,0.0,0.0
48013,2017,8.0,0.0,0.0
48013,2018,11.0,0.0,0.0
48013,2020,6.0,0.0,0.0
48013,2021,8.0,0.0,0.0
48013,2022,6.0,0.0,0.0
48013,2023,7.0,0.0,0.0
48015,2017,2.0,0.0,0.0
48015,2022,1.0,0.0,0.0
48015,2023,1.0,0.0,0.0
48021,2016,6.0,0.0,0.0
48021,2017,4.0,0.0,0.0
48021,2021,1.0,0.0,0.0
48021,2023,1.0,0.0,0.0
48025,2016,8.0,0.0,0.0
48025,2017,5.0,0.0,0.0
48025,2018,1.0,0.0,0.0
48025,2019,1.0,0.0,0.0
48025,2020,1.0,0.0,0.0
48025,2021,1.0,0.0,0.0
48025,2022,1.0,0.0,0.0
48025,2023,1.0,0.0,0.0
48029,2016,13.0,0.0,0.0
48029,2017,8.0,0.0,0.0
48029,2018,9.0,0.0,0.0
48029,2019,4.0,0.0,0.0
48029,2020,12.0,0.0,0.0
48029,2021,6.0,0.0,0.0
48029,2022,4.0,0.0,0.0
48029,2023,6.0,0.0,0.0
48033,2016,2.0,0.0,0.0
48033,2017,7.0,0.0,0.0
48033,2023,1.0,0.0,0.0
48039,2016,4.0,0.0,0.0
48039,2017,4.0,0.0,0.0
48039,2018,4.0,0.0,0.0
48039,2020,2.0,0.0,0.0
48039,2021,2.0,0.0,0.0
48039,2022,3.0,0.0,0.0
48039,2023,2.0,0.0,0.0
48041,2016,3.0,0.0,0.0
48041,2017,2.0,0.0,0.0
48041,2018,2.0,0.0,0.0
48041,2020,2.0,0.0,0.0
48041,2021,1.0,0.0,0.0
48041,2022,4.0,0.0,0.0
48041,2023,2.0,0.0,0.0
48049,2020,2.0,0.0,0.0
48051,2018,2.0,0.0,0.0
48051,2019,2.0,0.0,0.0
48051,2021,2.0,0.0,0.0
48051,2022,2.0,0.0,0.0
48051,2023,1.0,0.0,0.0
48057,2016,2.0,0.0,0.0
48057,2017,2.0,0.0,0.0
48057,2018,2.0,0.0,0.0
48059,2016,4.0,0.0,0.0
48059,2017,1.0,0.0,0.0
48059,2018,1.0,0.0,0.0
48059,2021,1.0,0.0,0.0
48059,2022,2.0,0.0,0.0
48059,2023,3.0,0.0,0.0
48065,2016,2.0,0.0,0.0
48065,2017,7.0,0.0,0.0
48065,2018,2.0,0.0,0.0
48065,2021,4.0,0.0,0.0
48065,2022,4.0,0.0,0.0
48065,2023,3.0,0.0,0.0
48071,2016,5.0,0.0,0.0
48071,2017,5.0,0.0,0.0
48071,2018,4.0,0.0,0.0
48071,2019,3.0,0.0,0.0
48071,2020,9.0,0.0,0.0
48071,2021,7.0,0.0,0.0
48071,2022,6.0,0.0,0.0
48071,2023,4.0,0.0,0.0
48073,2018,1.0,0.0,0.0
48073,2020,1.0,0.0,0.0
48073,2021,1.0,0.0,0.0
48073,2022,1.0,0.0,0.0
48073,2023,1.0,0.0,0.0
48077,2016,1.0,0.0,0.0
48079,2016,1.0,0.0,0.0
48079,2017,1.0,0.0,0.0
48079,2018,12.0,0.0,0.0
48079,2020,10.0,0.0,0.0
48079,2021,11.0,0.0,0.0
48079,2022,10.0,0.0,0.0
48079,2023,8.0,0.0,0.0
48081,2018,2.0,0.0,0.0
48081,2019,2.0,0.0,0.0
48081,2021,1.0,0.0,0.0
48081,2023,1.0,0.0,0.0
48085,2016,2.0,0.0,0.0
48085,2017,2.0,0.0,0.0
48085,2018,5.0,0.0,0.0
48085,2019,2.0,0.0,0.0
48085,2020,3.0,0.0,0.0
48085,2023,1.0,0.0,0.0
48089,2016,2.0,0.0,0.0
48089,2017,1.0,0.0,0.0
48089,2018,1.0,0.0,0.0
48089,2022,1.0,0.0,0.0
48089,2023,1.0,0.0,0.0
48091,2016,2.0,0.0,0.0
48091,2017,4.0,0.0,0.0
48091,2022,2.0,0.0,0.0
48091,2023,1.0,0.0,0.0
48093,2020,2.0,0.0,0.0
48097,2016,4.0,0.0,0.0
48097,2017,3.0,0.0,0.0
48097,2018,2.0,0.0,0.0
48097,2020,3.0,0.0,0.0
48097,2021,3.0,0.0,0.0
48097,2022,7.0,0.0,0.0
48097,2023,4.0,0.0,0.0
48103,2016,5.0,0.0,0.0
48103,2017,4.0,0.0,0.0
48103,2018,4.0,0.0,0.0
48103,2020,1.0,0.0,0.0
48103,2021,2.0,0.0,0.0
48103,2022,5.0,0.0,0.0
48103,2023,5.0,0.0,0.0
48105,2016,2.0,0.0,0.0
48105,2023,1.0,0.0,0.0
48107,2018,2.0,0.0,0.0
48107,2019,2.0,0.0,0.0
48107,2023,1.0,0.0,0.0
48113,2016,5.0,0.0,0.0
48113,2017,8.0,0.0,0.0
48113,2018,11.0,0.0,0.0
48113,2019,5.0,0.0,0.0
48113,2020,3.0,0.0,0.0
48113,2021,8.0,0.0,0.0
48113,2022,4.0,0.0,0.0
48113,2023,6.0,0.0,0.0
48115,2017,5.0,0.0,0.0
48121,2016,6.0,0.0,0.0
48121,2017,5.0,0.0,0.0
48121,2018,5.0,0.0,0.0
48121,2019,2.0,0.0,0.0
48121,2020,2.0,0.0,0.0
48121,2022,1.0,0.0,0.0
48121,2023,2.0,0.0,0.0
48123,2016,5.0,0.0,0.0
48123,2017,5.0,0.0,0.0
48123,2018,4.0,0.0,0.0
48123,2019,2.0,0.0,0.0
48123,2020,4.0,0.0,0.0
48123,2021,6.0,0.0,0.0
48123,2022,5.0,0.0,0.0
48123,2023,4.0,0.0,0.0
48127,2016,1.0,0.0,0.0
48127,2018,2.0,0.0,0.0
48127,2023,2.0,0.0,0.0
48129,2016,2.0,0.0,0.0
48129,2017,5.0,0.0,0.0
48129,2021,4.0,0.0,0.0
48129,2022,4.0,0.0,0.0
48129,2023,3.0,0.0,0.0
48131,2016,4.0,0.0,0.0
48131,2017,2.0,0.0,0.0
48131,2018,2.0,0.0,0.0
48131,2020,2.0,0.0,0.0
48133,2016,4.0,0.0,0.0
48133,2017,1.0,0.0,0.0
48133,2018,1.0,0.0,0.0
48133,2020,2.0,0.0,0.0
48133,2021,1.0,0.0,0.0
48133,2023,2.0,0.0,0.0
48135,2016,27.0,0.0,0.0
48135,2017,18.0,0.0,0.0
48135,2018,26.0,0.0,0.0
48135,2019,5.0,0.0,0.0
48135,2020,27.0,0.0,0.0
48135,2021,27.0,0.0,0.0
48135,2022,32.0,0.0,0.0
48135,2023,36.0,0.0,0.0
48139,2016,1.0,0.0,0.0
48139,2017,2.0,0.0,0.0
48139,2018,1.0,0.0,0.0
48139,2020,1.0,0.0,0.0
48139,2021,2.0,0.0,0.0
48139,2023,1.0,0.0,0.0
48141,2016,2.0,0.0,0.0
48141,2017,1.0,0.0,0.0
48141,2018,1.0,0.0,0.0
48141,2021,1.0,0.0,0.0
48149,2016,6.0,0.0,0.0
48149,2017,5.0,0.0,0.0
48149,2021,1.0,0.0,0.0
48149,2023,1.0,0.0,0.0
48151,2016,2.0,0.0,0.0
48151,2017,1.0,0.0,0.0
48151,2018,2.0,0.0,0.0
48151,2023,1.0,0.0,0.0
48157,2016,5.0,0.0,0.0
48157,2017,2.0,0.0,0.0
48157,2018,7.0,0.0,0.0
48157,2019,2.0,0.0,0.0
48157,2020,2.0,0.0,0.0
48157,2021,5.0,0.0,0.0
48157,2022,12.0,0.0,0.0
48157,2023,7.0,0.0,0.0
48161,2017,2.0,0.0,0.0
48161,2018,1.0,0.0,0.0
48161,2021,1.0,0.0,0.0
48161,2022,1.0,0.0,0.0
48161,2023,1.0,0.0,0.0
48163,2016,4.0,0.0,0.0
48163,2017,9.0,0.0,0.0
48163,2018,5.0,0.0,0.0
48163,2019,3.0,0.0,0.0
48163,2020,4.0,0.0,0.0
48163,2021,5.0,0.0,0.0
48163,2022,4.0,0.0,0.0
48163,2023,3.0,0.0,0.0
48165,2016,2.0,0.0,0.0
48165,2017,3.0,0.0,0.0
48165,2018,3.0,0.0,0.0
48165,2019,2.0,0.0,0.0
48167,2016,6.0,0.0,0.0
48167,2017,6.0,0.0,0.0
48167,2018,7.0,0.0,0.0
48167,2019,3.0,0.0,0.0
48167,2020,3.0,0.0,0.0
48167,2021,5.0,0.0,0.0
48167,2022,6.0,0.0,0.0
48167,2023,2.0,0.0,0.0
48169,2023,1.0,0.0,0.0
48173,2016,1.0,0.0,0.0
48173,2017,3.0,0.0,0.0
48173,2018,4.0,0.0,0.0
48173,2019,6.0,0.0,0.0
48173,2020,10.0,0.0,0.0
48173,2021,7.0,0.0,0.0
48175,2016,9.0,0.0,0.0
48175,2017,5.0,0.0,0.0
48175,2018,7.0,0.0,0.0
48175,2019,1.0,0.0,0.0
48175,2020,6.0,0.0,0.0
48175,2021,6.0,0.0,0.0
48175,2022,6.0,0.0,0.0
48175,2023,7.0,0.0,0.0
48177,2016,6.0,0.0,0.0
48177,2017,3.0,0.0,0.0
48177,2018,2.0,0.0,0.0
48177,2019,2.0,0.0,0.0
48177,2020,2.0,0.0,0.0
48177,2021,4.0,0.0,0.0
48177,2022,5.0,0.0,0.0
48177,2023,4.0,0.0,0.0
48179,2016,2.0,0.0,0.0
48179,2017,5.0,0.0,0.0
48179,2021,4.0,0.0,0.0
48179,2022,4.0,0.0,0.0
48179,2023,3.0,0.0,0.0
48181,2018,2.0,0.0,0.0
48181,2020,3.0,0.0,0.0
48181,2021,3.0,0.0,0.0
48181,2022,7.0,0.0,0.0
48181,2023,4.0,0.0,0.0
48183,2016,13.0,0.0,0.0
48183,2017,7.0,0.0,0.0
48183,2018,8.0,0.0,0.0
48183,2019,1.0,0.0,0.0
48183,2020,6.0,0.0,0.0
48183,2021,7.0,0.0,0.0
48183,2022,4.0,0.0,0.0
48183,2023,9.0,0.0,0.0
48185,2016,2.0,0.0,0.0
48185,2018,1.0,0.0,0.0
48185,2021,1.0,0.0,0.0
48185,2022,6.0,0.0,0.0
48185,2023,3.0,0.0,0.0
48187,2016,2.0,0.0,0.0
48187,2017,2.0,0.0,0.0
48187,2018,1.0,0.0,0.0
48187,2020,1.0,0.0,0.0
48187,2021,2.0,0.0,0.0
48187,2022,2.0,0.0,0.0
48187,2023,3.0,0.0,0.0
48199,2016,2.0,0.0,0.0
48199,2017,2.0,0.0,0.0
48199,2018,1.0,0.0,0.0
48199,2023,1.0,0.0,0.0
48201,2016,98.0,0.0,0.0
48201,2017,78.0,0.0,0.0
48201,2018,112.0,0.0,0.0
48201,2019,35.0,0.0,0.0
48201,2020,96.0,0.0,0.0
48201,2021,93.0,0.0,0.0
48201,2022,94.0,0.0,0.0
48201,2023,66.0,0.0,0.0
48203,2016,9.0,0.0,0.0
48203,2017,2.0,0.0,0.0
48203,2018,2.0,0.0,0.0
48203,2020,6.0,0.0,0.0
48203,2021,5.0,0.0,0.0
48203,2022,3.0,0.0,0.0
48203,2023,5.0,0.0,0.0
48209,2016,2.0,0.0,0.0
48209,2017,2.0,0.0,0.0
48209,2018,2.0,0.0,0.0
48209,2019,3.0,0.0,0.0
48209,2020,2.0,0.0,0.0
48209,2021,2.0,0.0,0.0
48211,2016,4.0,0.0,0.0
48211,2017,2.0,0.0,0.0
48211,2018,2.0,0.0,0.0
48213,2016,2.0,0.0,0.0
48213,2017,2.0,0.0,0.0
48215,2016,2.0,0.0,0.0
48215,2021,2.0,0.0,0.0
48215,2022,2.0,0.0,0.0
48219,2016,1.0,0.0,0.0
48219,2017,1.0,0.0,0.0
48219,2018,14.0,0.0,0.0
48219,2020,11.0,0.0,0.0
48219,2021,13.0,0.0,0.0
48219,2022,10.0,0.0,0.0
48219,2023,8.0,0.0,0.0
48221,2016,7.0,0.0,0.0
48221,2017,2.0,0.0,0.0
48221,2018,7.0,0.0,0.0
48221,2019,2.0,0.0,0.0
48221,2020,8.0,0.0,0.0
48221,2021,7.0,0.0,0.0
48221,2022,2.0,0.0,0.0
48221,2023,2.0,0.0,0.0
48225,2016,2.0,0.0,0.0
48225,2017,2.0,0.0,0.0
48225,2018,2.0,0.0,0.0
48227,2016,2.0,0.0,0.0
48227,2017,6.0,0.0,0.0
48227,2018,3.0,0.0,0.0
48227,2019,2.0,0.0,0.0
48227,2020,6.0,0.0,0.0
48227,2021,3.0,0.0,0.0
48231,2016,3.0,0.0,0.0
48231,2017,1.0,0.0,0.0
48231,2018,2.0,0.0,0.0
48233,2016,2.0,0.0,0.0
48233,2019,2.0,0.0,0.0
48235,2016,6.0,0.0,0.0
48235,2021,3.0,0.0,0.0
48235,2022,3.0,0.0,0.0
48235,2023,1.0,0.0,0.0
48237,2016,1.0,0.0,0.0
48237,2017,1.0,0.0,0.0
48237,2019,1.0,0.0,0.0
48237,2020,4.0,0.0,0.0
48237,2021,2.0,0.0,0.0
48239,2016,2.0,0.0,0.0
48241,2016,1.0,0.0,0.0
48241,2017,1.0,0.0,0.0
48241,2018,3.0,0.0,0.0
48241,2020,5.0,0.0,0.0
48241,2021,1.0,0.0,0.0
48241,2023,2.0,0.0,0.0
48245,2017,1.0,0.0,0.0
48249,2016,11.0,0.0,0.0
48249,2017,2.0,0.0,0.0
48249,2018,5.0,0.0,0.0
48249,2021,2.0,0.0,0.0
48249,2023,2.0,0.0,0.0
48251,2016,7.0,0.0,0.0
48251,2017,2.0,0.0,0.0
48251,2018,10.0,0.0,0.0
48251,2020,10.0,0.0,0.0
48251,2021,7.0,0.0,0.0
48251,2022,4.0,0.0,0.0
48251,2023,3.0,0.0,0.0
48255,2016,6.0,0.0,0.0
48255,2017,7.0,0.0,0.0
48255,2018,1.0,0.0,0.0
48255,2019,1.0,0.0,0.0
48255,2020,2.0,0.0,0.0
48255,2021,3.0,0.0,0.0
48255,2022,3.0,0.0,0.0
48255,2023,2.0,0.0,0.0
48259,2017,2.0,0.0,0.0
48259,2022,2.0,0.0,0.0
48259,2023,1.0,0.0,0.0
48263,2016,10.0,0.0,0.0
48263,2017,9.0,0.0,0.0
48263,2018,4.0,0.0,0.0
48263,2020,2.0,0.0,0.0
48263,2021,2.0,0.0,0.0
48263,2022,3.0,0.0,0.0
48263,2023,1.0,0.0,0.0
48275,2017,1.0,0.0,0.0
48279,2021,1.0,0.0,0.0
48283,2016,3.0,0.0,0.0
48283,2017,3.0,0.0,0.0
48283,2018,5.0,0.0,0.0
48283,2020,1.0,0.0,0.0
48283,2021,1.0,0.0,0.0
48283,2022,3.0,0.0,0.0
48283,2023,2.0,0.0,0.0
48287,2016,7.0,0.0,0.0
48287,2017,6.0,0.0,0.0
48287,2021,1.0,0.0,0.0
48287,2023,1.0,0.0,0.0
48289,2016,2.0,0.0,0.0
48289,2018,1.0,0.0,0.0
48289,2021,1.0,0.0,0.0
48289,2022,1.0,0.0,0.0
48289,2023,1.0,0.0,0.0
48291,2016,4.0,0.0,0.0
48291,2017,4.0,0.0,0.0
48291,2018,1.0,0.0,0.0
48291,2020,5.0,0.0,0.0
48291,2021,4.0,0.0,0.0
48291,2022,4.0,0.0,0.0
48291,2023,1.0,0.0,0.0
48295,2016,7.0,0.0,0.0
48295,2017,5.0,0.0,0.0
48295,2018,7.0,0.0,0.0
48295,2023,1.0,0.0,0.0
48297,2016,8.0,0.0,0.0
48297,2017,4.0,0.0,0.0
48297,2018,2.0,0.0,0.0
48297,2019,1.0,0.0,0.0
48297,2020,1.0,0.0,0.0
48297,2021,1.0,0.0,0.0
48297,2022,1.0,0.0,0.0
48297,2023,2.0,0.0,0.0
48301,2019,1.0,0.0,0.0
48301,2020,2.0,0.0,0.0
48301,2021,2.0,0.0,0.0
48303,2016,1.0,0.0,0.0
48303,2018,5.0,0.0,0.0
48303,2019,2.0,0.0,0.0
48303,2020,6.0,0.0,0.0
48303,2021,3.0,0.0,0.0
48303,2022,6.0,0.0,0.0
48303,2023,3.0,0.0,0.0
48305,2017,1.0,0.0,0.0
48305,2023,1.0,0.0,0.0
48311,2016,6.0,0.0,0.0
48311,2017,2.0,0.0,0.0
48311,2018,3.0,0.0,0.0
48311,2020,2.0,0.0,0.0
48311,2023,1.0,0.0,0.0
48313,2016,4.0,0.0,0.0
48317,2016,11.0,0.0,0.0
48317,2017,8.0,0.0,0.0
48317,2018,11.0,0.0,0.0
48317,2019,4.0,0.0,0.0
48317,2020,12.0,0.0,0.0
48317,2021,8.0,0.0,0.0
48317,2022,1.0,0.0,0.0
48317,2023,5.0,0.0,0.0
48325,2016,1.0,0.0,0.0
48325,2017,1.0,0.0,0.0
48325,2021,1.0,0.0,0.0
48325,2023,1.0,0.0,0.0
48329,2016,68.0,0.0,0.0
48329,2017,51.0,0.0,0.0
48329,2018,83.0,0.0,0.0
48329,2019,31.0,0.0,0.0
48329,2020,83.0,0.0,0.0
48329,2021,63.0,0.0,0.0
48329,2022,75.0,0.0,0.0
48329,2023,68.0,0.0,0.0
48331,2018,2.0,0.0,0.0
48331,2019,2.0,0.0,0.0
48331,2021,2.0,0.0,0.0
48331,2022,2.0,0.0,0.0
48331,2023,1.0,0.0,0.0
48333,2020,2.0,0.0,0.0
48335,2020,1.0,0.0,0.0
48335,2021,1.0,0.0,0.0
48337,2016,5.0,0.0,0.0
48337,2017,5.0,0.0,0.0
48339,2016,18.0,0.0,0.0
48339,2017,9.0,0.0,0.0
48339,2018,12.0,0.0,0.0
48339,2019,1.0,0.0,0.0
48339,2020,9.0,0.0,0.0
48339,2021,16.0,0.0,0.0
48339,2022,15.0,0.0,0.0
48339,2023,9.0,0.0,0.0
48341,2016,2.0,0.0,0.0
48341,2017,2.0,0.0,0.0
48341,2018,2.0,0.0,0.0
48347,2016,1.0,0.0,0.0
48349,2016,1.0,0.0,0.0
48349,2017,2.0,0.0,0.0
48349,2018,1.0,0.0,0.0
48349,2020,1.0,0.0,0.0
48349,2021,2.0,0.0,0.0
48349,2023,1.0,0.0,0.0
48351,2016,1.0,0.0,0.0
48351,2017,1.0,0.0,0.0
48351,2018,3.0,0.0,0.0
48351,2020,5.0,0.0,0.0
48351,2021,1.0,0.0,0.0
48351,2023,2.0,0.0,0.0
48353,2016,2.0,0.0,0.0
48353,2017,1.0,0.0,0.0
48353,2018,2.0,0.0,0.0
48353,2023,1.0,0.0,0.0
48355,2016,20.0,0.0,0.0
48355,2017,3.0,0.0,0.0
48355,2018,8.0,0.0,0.0
48355,2020,4.0,0.0,0.0
48355,2021,5.0,0.0,0.0
48355,2022,4.0,0.0,0.0
48355,2023,1.0,0.0,0.0
48357,2016,3.0,0.0,0.0
48357,2017,3.0,0.0,0.0
48357,2018,5.0,0.0,0.0
48357,2023,1.0,0.0,0.0
48361,2016,2.0,0.0,0.0
48361,2017,1.0,0.0,0.0
48361,2018,3.0,0.0,0.0
48361,2020,3.0,0.0,0.0
48361,2021,3.0,0.0,0.0
48361,2023,2.0,0.0,0.0
48363,2023,1.0,0.0,0.0
48365,2016,11.0,0.0,0.0
48365,2017,4.0,0.0,0.0
48365,2018,6.0,0.0,0.0
48365,2019,2.0,0.0,0.0
48365,2020,7.0,0.0,0.0
48365,2021,4.0,0.0,0.0
48365,2022,1.0,0.0,0.0
48365,2023,2.0,0.0,0.0
48367,2016,10.0,0.0,0.0
48367,2017,4.0,0.0,0.0
48367,2018,5.0,0.0,0.0
48367,2019,2.0,0.0,0.0
48367,2020,10.0,0.0,0.0
48367,2021,6.0,0.0,0.0
48367,2022,3.0,0.0,0.0
48367,2023,2.0,0.0,0.0
48371,2016,5.0,0.0,0.0
48371,2017,3.0,0.0,0.0
48371,2018,2.0,0.0,0.0
48373,2016,2.0,0.0,0.0
48375,2016,2.0,0.0,0.0
48375,2017,6.0,0.0,0.0
48375,2018,6.0,0.0,0.0
48375,2022,2.0,0.0,0.0
48375,2023,1.0,0.0,0.0
48383,2016,5.0,0.0,0.0
48383,2017,2.0,0.0,0.0
48383,2018,6.0,0.0,0.0
48383,2019,5.0,0.0,0.0
48383,2020,6.0,0.0,0.0
48383,2021,5.0,0.0,0.0
48383,2022,2.0,0.0,0.0
48383,2023,1.0,0.0,0.0
48387,2016,1.0,0.0,0.0
48387,2017,1.0,0.0,0.0
48387,2018,1.0,0.0,0.0
48387,2019,1.0,0.0,0.0
48387,2020,1.0,0.0,0.0
48389,2016,4.0,0.0,0.0
48389,2017,15.0,0.0,0.0
48389,2018,15.0,0.0,0.0
48389,2019,1.0,0.0,0.0
48389,2020,4.0,0.0,0.0
48389,2021,4.0,0.0,0.0
48389,2022,2.0,0.0,0.0
48389,2023,10.0,0.0,0.0
48391,2017,1.0,0.0,0.0
48393,2016,5.0,0.0,0.0
48393,2017,8.0,0.0,0.0
48393,2018,3.0,0.0,0.0
48393,2021,4.0,0.0,0.0
48393,2022,4.0,0.0,0.0
48393,2023,4.0,0.0,0.0
48395,2016,5.0,0.0,0.0
48395,2017,4.0,0.0,0.0
48395,2018,2.0,0.0,0.0
48395,2020,4.0,0.0,0.0
48395,2021,2.0,0.0,0.0
48395,2022,2.0,0.0,0.0
48395,2023,1.0,0.0,0.0
48401,2016,7.0,0.0,0.0
48401,2017,4.0,0.0,0.0
48401,2018,8.0,0.0,0.0
48401,2019,2.0,0.0,0.0
48401,2020,7.0,0.0,0.0
48401,2021,4.0,0.0,0.0
48401,2022,2.0,0.0,0.0
48401,2023,4.0,0.0,0.0
48403,2022,1.0,0.0,0.0
48405,2022,1.0,0.0,0.0
48407,2018,1.0,0.0,0.0
48407,2022,1.0,0.0,0.0
48407,2023,1.0,0.0,0.0
48409,2016,2.0,0.0,0.0
48413,2018,4.0,0.0,0.0
48415,2016,10.0,0.0,0.0
48415,2017,9.0,0.0,0.0
48415,2018,4.0,0.0,0.0
48415,2020,3.0,0.0,0.0
48415,2021,3.0,0.0,0.0
48415,2022,3.0,0.0,0.0
48415,2023,1.0,0.0,0.0
48417,2020,1.0,0.0,0.0
48417,2022,3.0,0.0,0.0
48417,2023,4.0,0.0,0.0
48419,2016,2.0,0.0,0.0
48419,2017,3.0,0.0,0.0
48419,2018,2.0,0.0,0.0
48423,2016,5.0,0.0,0.0
48423,2017,14.0,0.0,0.0
48423,2018,15.0,0.0,0.0
48423,2019,1.0,0.0,0.0
48423,2020,6.0,0.0,0.0
48423,2021,7.0,0.0,0.0
48423,2022,5.0,0.0,0.0
48423,2023,7.0,0.0,0.0
48425,2016,3.0,0.0,0.0
48425,2017,1.0,0.0,0.0
48425,2018,5.0,0.0,0.0
48425,2020,2.0,0.0,0.0
48425,2021,2.0,0.0,0.0
48425,2022,2.0,0.0,0.0
48425,2023,1.0,0.0,0.0
48429,2016,8.0,0.0,0.0
48429,2017,3.0,0.0,0.0
48429,2018,3.0,0.0,0.0
48429,2019,2.0,0.0,0.0
48429,2020,1.0,0.0,0.0
48429,2021,1.0,0.0,0.0
48429,2022,2.0,0.0,0.0
48429,2023,7.0,0.0,0.0
48433,2017,1.0,0.0,0.0
48435,2016,1.0,0.0,0.0
48435,2018,5.0,0.0,0.0
48435,2020,2.0,0.0,0.0
48435,2023,1.0,0.0,0.0
48439,2016,10.0,0.0,0.0
48439,2017,1.0,0.0,0.0
48439,2018,11.0,0.0,0.0
48439,2019,6.0,0.0,0.0
48439,2020,9.0,0.0,0.0
48439,2021,11.0,0.0,0.0
48439,2022,8.0,0.0,0.0
48439,2023,7.0,0.0,0.0
48441,2022,1.0,0.0,0.0
48441,2023,1.0,0.0,0.0
48443,2016,2.0,0.0,0.0
48443,2017,2.0,0.0,0.0
48443,2018,2.0,0.0,0.0
48445,2016,2.0,0.0,0.0
48445,2017,1.0,0.0,0.0
48445,2018,1.0,0.0,0.0
48445,2022,1.0,0.0,0.0
48445,2023,2.0,0.0,0.0
48447,2020,1.0,0.0,0.0
48447,2022,2.0,0.0,0.0
48447,2023,4.0,0.0,0.0
48451,2016,6.0,0.0,0.0
48451,2018,4.0,0.0,0.0
48451,2019,2.0,0.0,0.0
48451,2021,4.0,0.0,0.0
48451,2022,3.0,0.0,0.0
48451,2023,3.0,0.0,0.0
48453,2016,5.0,0.0,0.0
48453,2017,5.0,0.0,0.0
48453,2018,11.0,0.0,0.0
48453,2019,3.0,0.0,0.0
48453,2020,14.0,0.0,0.0
48453,2021,8.0,0.0,0.0
48453,2022,6.0,0.0,0.0
48453,2023,4.0,0.0,0.0
48455,2016,2.0,0.0,0.0
48455,2017,2.0,0.0,0.0
48455,2018,2.0,0.0,0.0
48459,2016,4.0,0.0,0.0
48459,2021,1.0,0.0,0.0
48461,2016,2.0,0.0,0.0
48461,2023,1.0,0.0,0.0
48465,2016,1.0,0.0,0.0
48465,2018,5.0,0.0,0.0
48465,2020,2.0,0.0,0.0
48465,2023,1.0,0.0,0.0
48467,2018,2.0,0.0,0.0
48469,2016,6.0,0.0,0.0
48469,2017,3.0,0.0,0.0
48469,2018,7.0,0.0,0.0
48469,2020,5.0,0.0,0.0
48469,2021,4.0,0.0,0.0
48469,2022,6.0,0.0,0.0
48469,2023,6.0,0.0,0.0
48471,2016,1.0,0.0,0.0
48471,2017,1.0,0.0,0.0
48471,2018,2.0,0.0,0.0
48471,2020,3.0,0.0,0.0
48471,2022,1.0,0.0,0.0
48471,2023,1.0,0.0,0.0
48473,2016,2.0,0.0,0.0
48473,2018,1.0,0.0,0.0
48473,2019,2.0,0.0,0.0
48473,2021,1.0,0.0,0.0
48473,2022,6.0,0.0,0.0
48473,2023,4.0,0.0,0.0
48475,2016,3.0,0.0,0.0
48475,2017,2.0,0.0,0.0
48475,2018,5.0,0.0,0.0
48475,2020,2.0,0.0,0.0
48475,2021,2.0,0.0,0.0
48475,2022,2.0,0.0,0.0
48475,2023,3.0,0.0,0.0
48477,2021,1.0,0.0,0.0
48477,2022,2.0,0.0,0.0
48477,2023,1.0,0.0,0.0
48479,2016,1.0,0.0,0.0
48479,2017,1.0,0.0,0.0
48479,2018,1.0,0.0,0.0
48481,2017,3.0,0.0,0.0
48483,2016,6.0,0.0,0.0
48483,2017,4.0,0.0,0.0
48483,2018,2.0,0.0,0.0
48483,2020,1.0,0.0,0.0
48483,2021,1.0,0.0,0.0
48485,2023,1.0,0.0,0.0
48489,2016,2.0,0.0,0.0
48491,2021,2.0,0.0,0.0
48493,2016,13.0,0.0,0.0
48493,2017,6.0,0.0,0.0
48493,2018,9.0,0.0,0.0
48493,2020,3.0,0.0,0.0
48493,2021,5.0,0.0,0.0
48493,2022,4.0,0.0,0.0
48493,2023,8.0,0.0,0.0
48495,2016,1.0,0.0,0.0
48495,2017,1.0,0.0,0.0
48495,2018,1.0,0.0,0.0
48495,2019,1.0,0.0,0.0
48495,2022,2.0,0.0,0.0
48495,2023,1.0,0.0,0.0
48497,2016,6.0,0.0,0.0
48497,2017,5.0,0.0,0.0
48497,2019,1.0,0.0,0.0
48497,2020,4.0,0.0,0.0
48497,2021,2.0,0.0,0.0
48501,2016,2.0,0.0,0.0
48501,2017,3.0,0.0,0.0
48501,2018,3.0,0.0,0.0
48501,2019,2.0,0.0,0.0
48501,2022,1.0,0.0,0.0
48501,2023,2.0,0.0,0.0
48503,2016,4.0,0.0,0.0
48503,2017,2.0,0.0,0.0
48503,2018,2.0,0.0,0.0
48503,2019,2.0,0.0,0.0
48503,2023,1.0,0.0,0.0
48507,2016,1.0,0.0,0.0
48507,2017,4.0,0.0,0.0
48507,2018,3.0,0.0,0.0
48507,2020,1.0,0.0,0.0
48507,2021,4.0,0.0,0.0
48507,2022,2.0,0.0,0.0
48507,2023,3.0,0.0,0.0
49007,2019,2.0,0.0,0.0
49007,2020,2.0,0.0,0.0
49007,2021,1.0,0.0,0.0
49011,2021,1.0,0.0,0.0
49011,2022,2.0,0.0,0.0
49011,2023,1.0,0.0,0.0
49013,2016,5.0,0.0,0.0
49013,2018,4.0,0.0,0.0
49013,2019,4.0,0.0,0.0
49013,2020,3.0,0.0,0.0
49013,2021,3.0,0.0,0.0
49013,2022,3.0,0.0,0.0
49013,2023,1.0,0.0,0.0
49015,2019,2.0,0.0,0.0
49015,2020,2.0,0.0,0.0
49015,2021,1.0,0.0,0.0
49035,2020,1.0,0.0,0.0
49035,2021,2.0,0.0,0.0
49035,2022,4.0,0.0,0.0
49035,2023,3.0,0.0,0.0
49041,2016,4.0,0.0,0.0
49041,2017,3.0,0.0,0.0
49041,2019,2.0,0.0,0.0
49041,2020,2.0,0.0,0.0
49041,2021,1.0,0.0,0.0
49041,2022,2.0,0.0,0.0
49041,2023,1.0,0.0,0.0
49047,2016,9.0,0.0,0.0
49047,2018,8.0,0.0,0.0
49047,2019,2.0,0.0,0.0
49047,2020,5.0,0.0,0.0
49047,2021,6.0,0.0,0.0
49047,2022,7.0,0.0,0.0
49047,2023,6.0,0.0,0.0
51027,2016,2.0,0.0,0.0
51027,2017,2.0,0.0,0.0
51027,2018,1.0,0.0,0.0
51027,2020,1.0,0.0,0.0
51027,2021,1.0,0.0,0.0
51027,2022,1.0,0.0,0.0
51027,2023,1.0,0.0,0.0
51041,2022,1.0,0.0,0.0
51041,2023,1.0,0.0,0.0
51051,2016,1.0,0.0,0.0
51051,2017,1.0,0.0,0.0
51051,2021,1.0,0.0,0.0
51051,2022,1.0,0.0,0.0
51051,2023,2.0,0.0,0.0
51075,2019,2.0,0.0,0.0
51087,2019,2.0,0.0,0.0
51105,2018,2.0,0.0,0.0
51167,2017,1.0,0.0,0.0
51177,2018,1.0,0.0,0.0
51185,2017,1.0,0.0,0.0
51185,2018,2.0,0.0,0.0
51185,2019,1.0,0.0,0.0
51185,2020,2.0,0.0,0.0
51185,2021,2.0,0.0,0.0
51185,2022,2.0,0.0,0.0
51185,2023,1.0,0.0,0.0
51191,2018,2.0,0.0,0.0
51191,2023,1.0,0.0,0.0
51195,2016,1.0,0.0,0.0
51195,2018,2.0,0.0,0.0
51195,2021,2.0,0.0,0.0
51195,2023,1.0,0.0,0.0
51720,2016,1.0,0.0,0.0
51720,2021,2.0,0.0,0.0
51720,2023,1.0,0.0,0.0
53031,2020,1.0,0.0,0.0
53031,2021,1.0,0.0,0.0
53031,2022,1.0,0.0,0.0
53031,2023,1.0,0.0,0.0
53033,2023,1.0,0.0,0.0
54001,2016,5.0,0.0,0.0
54001,2017,4.0,0.0,0.0
54001,2018,9.0,0.0,0.0
54001,2019,7.0,0.0,0.0
54001,2020,5.0,0.0,0.0
54001,2021,5.0,0.0,0.0
54001,2022,4.0,0.0,0.0
54001,2023,2.0,0.0,0.0
54003,2017,1.0,0.0,0.0
54003,2018,1.0,0.0,0.0
54003,2020,1.0,0.0,0.0
54009,2016,2.0,0.0,0.0
54009,2017,2.0,0.0,0.0
54009,2018,2.0,0.0,0.0
54009,2020,1.0,0.0,0.0
54013,2016,1.0,0.0,0.0
54015,2018,2.0,0.0,0.0
54017,2018,2.0,0.0,0.0
54017,2020,2.0,0.0,0.0
54033,2016,9.0,0.0,0.0
54033,2017,2.0,0.0,0.0
54033,2018,9.0,0.0,0.0
54033,2019,9.0,0.0,0.0
54033,2020,1.0,0.0,0.0
54033,2021,3.0,0.0,0.0
54033,2022,3.0,0.0,0.0
54033,2023,3.0,0.0,0.0
54037,2017,1.0,0.0,0.0
54037,2018,1.0,0.0,0.0
54037,2020,1.0,0.0,0.0
54039,2018,5.0,0.0,0.0
54039,2019,2.0,0.0,0.0
54039,2020,2.0,0.0,0.0
54039,2021,2.0,0.0,0.0
54039,2023,1.0,0.0,0.0
54041,2016,6.0,0.0,0.0
54041,2017,2.0,0.0,0.0
54041,2018,4.0,0.0,0.0
54041,2020,4.0,0.0,0.0
54041,2021,2.0,0.0,0.0
54041,2022,2.0,0.0,0.0
54041,2023,1.0,0.0,0.0
54043,2018,1.0,0.0,0.0
54049,2016,3.0,0.0,0.0
54049,2017,2.0,0.0,0.0
54049,2018,6.0,0.0,0.0
54049,2019,8.0,0.0,0.0
54049,2020,2.0,0.0,0.0
54049,2021,5.0,0.0,0.0
54049,2022,2.0,0.0,0.0
54049,2023,1.0,0.0,0.0
54051,2016,2.0,0.0,0.0
54051,2017,2.0,0.0,0.0
54051,2018,2.0,0.0,0.0
54051,2020,1.0,0.0,0.0
54051,2023,3.0,0.0,0.0
54061,2018,2.0,0.0,0.0
54061,2019,1.0,0.0,0.0
54061,2020,2.0,0.0,0.0
54061,2021,4.0,0.0,0.0
54061,2023,2.0,0.0,0.0
54069,2016,2.0,0.0,0.0
54069,2017,2.0,0.0,0.0
54069,2018,2.0,0.0,0.0
54069,2020,1.0,0.0,0.0
54069,2023,2.0,0.0,0.0
54073,2016,1.0,0.0,0.0
54073,2017,1.0,0.0,0.0
54073,2018,1.0,0.0,0.0
54073,2020,1.0,0.0,0.0
54073,2021,1.0,0.0,0.0
54073,2022,4.0,0.0,0.0
54073,2023,3.0,0.0,0.0
54077,2018,1.0,0.0,0.0
54077,2019,1.0,0.0,0.0
54077,2020,1.0,0.0,0.0
54077,2021,2.0,0.0,0.0
54079,2018,1.0,0.0,0.0
54085,2016,1.0,0.0,0.0
54085,2017,3.0,0.0,0.0
54085,2018,6.0,0.0,0.0
54085,2019,1.0,0.0,0.0
54085,2020,4.0,0.0,0.0
54085,2021,2.0,0.0,0.0
54085,2022,2.0,0.0,0.0
54085,2023,2.0,0.0,0.0
54087,2016,1.0,0.0,0.0
54087,2018,2.0,0.0,0.0
54091,2016,3.0,0.0,0.0
54091,2017,2.0,0.0,0.0
54091,2018,5.0,0.0,0.0
54091,2019,7.0,0.0,0.0
54091,2020,1.0,0.0,0.0
54091,2021,3.0,0.0,0.0
54091,2022,2.0,0.0,0.0
54091,2023,1.0,0.0,0.0
54095,2018,2.0,0.0,0.0
54095,2019,1.0,0.0,0.0
54095,2020,2.0,0.0,0.0
54095,2022,2.0,0.0,0.0
54095,2023,1.0,0.0,0.0
54097,2016,2.0,0.0,0.0
54097,2017,2.0,0.0,0.0
54097,2018,4.0,0.0,0.0
54097,2020,4.0,0.0,0.0
54097,2021,2.0,0.0,0.0
54097,2022,2.0,0.0,0.0
54097,2023,1.0,0.0,0.0
54103,2019,1.0,0.0,0.0
54103,2021,2.0,0.0,0.0
54103,2023,1.0,0.0,0.0
54105,2017,2.0,0.0,0.0
54105,2018,3.0,0.0,0.0
54105,2019,1.0,0.0,0.0
54105,2020,1.0,0.0,0.0
54105,2021,1.0,0.0,0.0
55057,2017,1.0,0.0,0.0
55057,2021,1.0,0.0,0.0
55079,2023,1.0,0.0,0.0
55089,2023,1.0,0.0,0.0
55103,2017,1.0,0.0,0.0
55103,2021,1.0,0.0,0.0
55123,2017,1.0,0.0,0.0
55123,2021,1.0,0.0,0.0
55131,2023,1.0,0.0,0.0
55133,2023,1.0,0.0,0.0
56003,2016,2.0,0.0,0.0
56003,2018,2.0,0.0,0.0
56003,2022,1.0,0.0,0.0
56003,2023,1.0,0.0,0.0
56005,2017,4.0,0.0,0.0
56005,2018,7.0,0.0,0.0
56005,2019,2.0,0.0,0.0
56005,2020,4.0,0.0,0.0
56005,2021,2.0,0.0,0.0
56005,2022,3.0,0.0,0.0
56005,2023,6.0,0.0,0.0
56007,2016,8.0,0.0,0.0
56007,2018,3.0,0.0,0.0
56007,2020,4.0,0.0,0.0
56007,2021,5.0,0.0,0.0
56007,2022,3.0,0.0,0.0
56007,2023,2.0,0.0,0.0
56009,2016,2.0,0.0,0.0
56009,2017,1.0,0.0,0.0
56009,2018,4.0,0.0,0.0
56009,2020,4.0,0.0,0.0
56009,2021,1.0,0.0,0.0
56009,2022,3.0,0.0,0.0
56009,2023,1.0,0.0,0.0
56013,2016,4.0,0.0,0.0
56013,2017,6.0,0.0,0.0
56013,2018,5.0,0.0,0.0
56013,2019,6.0,0.0,0.0
56013,2020,8.0,0.0,0.0
56017,2016,2.0,0.0,0.0
56021,2016,1.0,0.0,0.0
56021,2018,1.0,0.0,0.0
56021,2020,2.0,0.0,0.0
56021,2021,4.0,0.0,0.0
56021,2022,1.0,0.0,0.0
56021,2023,2.0,0.0,0.0
56023,2016,3.0,0.0,0.0
56023,2017,3.0,0.0,0.0
56023,2018,3.0,0.0,0.0
56023,2019,3.0,0.0,0.0
56023,2020,4.0,0.0,0.0
56023,2021,4.0,0.0,0.0
56023,2022,5.0,0.0,0.0
56023,2023,6.0,0.0,0.0
56025,2016,11.0,0.0,0.0
56025,2018,5.0,0.0,0.0
56025,2020,6.0,0.0,0.0
56025,2021,13.0,0.0,0.0
56025,2022,3.0,0.0,0.0
56025,2023,5.0,0.0,0.0
56027,2023,1.0,0.0,0.0
56029,2018,2.0,0.0,0.0
56029,2022,1.0,0.0,0.0
56029,2023,1.0,0.0,0.0
56033,2020,2.0,0.0,0.0
56033,2023,2.0,0.0,0.0
56035,2016,2.0,0.0,0.0
56035,2017,3.0,0.0,0.0
56035,2018,4.0,0.0,0.0
56035,2019,2.0,0.0,0.0
56035,2020,2.0,0.0,0.0
56035,2021,1.0,0.0,0.0
56035,2022,2.0,0.0,0.0
56035,2023,2.0,0.0,0.0
56037,2016,2.0,0.0,0.0
56037,2017,3.0,0.0,0.0
56037,2018,4.0,0.0,0.0
56037,2019,2.0,0.0,0.0
56037,2020,2.0,0.0,0.0
56037,2021,2.0,0.0,0.0
56037,2022,3.0,0.0,0.0
56037,2023,8.0,0.0,0.0
56041,2022,1.0,0.0,0.0
56041,2023,3.0,0.0,0.0
56043,2016,2.0,0.0,0.0
56045,2023,1.0,0.0,0.0
